"test_commodity","test_modelcol","test_percent_sample","test_p_value","test_non_comodity_size","test_number_trials",
"Copper","ore",0.5,0.001, 2000, 1
"Copper","gangue",0.5,0.001, 2000, 1
"Copper","hrock_type",0.5,0.001, 2000, 1
"Copper","arock_type",0.5,0.001, 2000, 1
"Aluminum","ore",0.7,0.05, 2000, 1
"Aluminum","gangue",0.7,0.05, 2000, 1
"Aluminum","hrock_type",0.7,0.05, 2000, 1
"Aluminum","arock_type",0.7,0.05, 2000, 1
"Uranium","ore",0.5,0.001, 2000, 1
"Uranium","gangue",0.5,0.001, 2000, 1
"Uranium","hrock_type",0.5,0.001, 2000, 1
"Uranium","arock_type",0.5,0.001, 2000, 1
"Phosphorus-Phosphates","ore",0.7,0.05, 2000, 1
"Phosphorus-Phosphates","gangue",0.7,0.05, 2000, 1
"Phosphorus-Phosphates","hrock_type",0.7,0.05, 2000, 1
"Phosphorus-Phosphates","arock_type",0.7,0.05, 2000, 1
